year_month,event_type,traffic_source,event_count,unique_users
2019-01,cancel,Adwords,597,0
2019-01,cancel,Email,937,0
2019-01,cancel,Facebook,226,0
2019-01,cancel,Organic,96,0
2019-01,cancel,YouTube,184,0
2019-01,cart,Adwords,1212,9
2019-01,cart,Email,1804,11
2019-01,cart,Facebook,419,2
2019-01,cart,Organic,201,1
2019-01,cart,YouTube,386,4
2019-01,department,Adwords,1216,9
2019-01,department,Email,1726,11
2019-01,department,Facebook,389,2
2019-01,department,Organic,200,1
2019-01,department,YouTube,416,4
2019-01,home,Adwords,6,6
2019-01,home,Email,6,6
2019-01,home,Organic,1,1
2019-01,home,YouTube,2,2
2019-01,product,Adwords,2431,9
2019-01,product,Email,3540,11
2019-01,product,Facebook,824,2
2019-01,product,Organic,413,1
2019-01,product,YouTube,795,4
2019-01,purchase,Adwords,11,9
2019-01,purchase,Email,12,10
2019-01,purchase,Facebook,2,2
2019-01,purchase,Organic,1,1
2019-01,purchase,YouTube,6,4
2019-02,cancel,Adwords,612,0
2019-02,cancel,Email,872,0
2019-02,cancel,Facebook,206,0
2019-02,cancel,Organic,95,0
2019-02,cancel,YouTube,165,0
2019-02,cart,Adwords,1224,18
2019-02,cart,Email,1767,19
2019-02,cart,Facebook,382,7
2019-02,cart,Organic,189,1
2019-02,cart,YouTube,362,6
2019-02,department,Adwords,1159,18
2019-02,department,Email,1746,19
2019-02,department,Facebook,381,7
2019-02,department,Organic,195,1
2019-02,department,YouTube,382,6
2019-02,home,Adwords,9,9
2019-02,home,Email,9,9
2019-02,home,Facebook,3,3
2019-02,home,YouTube,3,3
2019-02,product,Adwords,2345,18
2019-02,product,Email,3509,19
2019-02,product,Facebook,775,7
2019-02,product,Organic,393,1
2019-02,product,YouTube,758,6
2019-02,purchase,Adwords,20,18
2019-02,purchase,Email,21,18
2019-02,purchase,Facebook,7,7
2019-02,purchase,Organic,1,1
2019-02,purchase,YouTube,4,4
2019-03,cancel,Adwords,638,0
2019-03,cancel,Email,913,0
2019-03,cancel,Facebook,199,0
2019-03,cancel,Organic,117,0
2019-03,cancel,YouTube,201,0
2019-03,cart,Adwords,1358,20
2019-03,cart,Email,2006,59
2019-03,cart,Facebook,428,10
2019-03,cart,Organic,223,8
2019-03,cart,YouTube,440,12
2019-03,department,Adwords,1344,20
2019-03,department,Email,2033,59
2019-03,department,Facebook,435,10
2019-03,department,Organic,216,8
2019-03,department,YouTube,429,12
2019-03,home,Adwords,11,11
2019-03,home,Email,38,38
2019-03,home,Facebook,5,5
2019-03,home,Organic,5,5
2019-03,home,YouTube,3,3
2019-03,product,Adwords,2621,20
2019-03,product,Email,3909,59
2019-03,product,Facebook,834,10
2019-03,product,Organic,437,8
2019-03,product,YouTube,835,12
2019-03,purchase,Adwords,20,20
2019-03,purchase,Email,72,61
2019-03,purchase,Facebook,10,10
2019-03,purchase,Organic,8,8
2019-03,purchase,YouTube,13,12
2019-04,cancel,Adwords,661,0
2019-04,cancel,Email,923,0
2019-04,cancel,Facebook,195,0
2019-04,cancel,Organic,124,0
2019-04,cancel,YouTube,212,0
2019-04,cart,Adwords,1411,42
2019-04,cart,Email,2020,63
2019-04,cart,Facebook,462,14
2019-04,cart,Organic,226,7
2019-04,cart,YouTube,432,14
2019-04,department,Adwords,1365,42
2019-04,department,Email,1990,63
2019-04,department,Facebook,468,14
2019-04,department,Organic,197,7
2019-04,department,YouTube,416,14
2019-04,home,Adwords,23,23
2019-04,home,Email,36,36
2019-04,home,Facebook,2,2
2019-04,home,Organic,3,3
2019-04,home,YouTube,5,5
2019-04,product,Adwords,2653,42
2019-04,product,Email,3764,63
2019-04,product,Facebook,870,14
2019-04,product,Organic,418,7
2019-04,product,YouTube,818,14
2019-04,purchase,Adwords,47,40
2019-04,purchase,Email,69,58
2019-04,purchase,Facebook,14,13
2019-04,purchase,Organic,7,7
2019-04,purchase,YouTube,15,14
2019-05,cancel,Adwords,659,0
2019-05,cancel,Email,925,0
2019-05,cancel,Facebook,215,0
2019-05,cancel,Organic,100,0
2019-05,cancel,YouTube,190,0
2019-05,cart,Adwords,1403,61
2019-05,cart,Email,2102,89
2019-05,cart,Facebook,458,15
2019-05,cart,Organic,236,21
2019-05,cart,YouTube,427,19
2019-05,department,Adwords,1344,61
2019-05,department,Email,2173,89
2019-05,department,Facebook,436,15
2019-05,department,Organic,258,21
2019-05,department,YouTube,466,19
2019-05,home,Adwords,36,36
2019-05,home,Email,53,53
2019-05,home,Facebook,11,11
2019-05,home,Organic,13,13
2019-05,home,YouTube,10,10
2019-05,product,Adwords,2673,61
2019-05,product,Email,4040,89
2019-05,product,Facebook,860,15
2019-05,product,Organic,466,21
2019-05,product,YouTube,860,19
2019-05,purchase,Adwords,69,63
2019-05,purchase,Email,121,96
2019-05,purchase,Facebook,17,17
2019-05,purchase,Organic,22,21
2019-05,purchase,YouTube,20,20
2019-06,cancel,Adwords,554,0
2019-06,cancel,Email,905,0
2019-06,cancel,Facebook,204,0
2019-06,cancel,Organic,92,0
2019-06,cancel,YouTube,185,0
2019-06,cart,Adwords,1334,76
2019-06,cart,Email,2125,106
2019-06,cart,Facebook,487,33
2019-06,cart,Organic,232,17
2019-06,cart,YouTube,481,29
2019-06,department,Adwords,1373,76
2019-06,department,Email,2078,106
2019-06,department,Facebook,487,33
2019-06,department,Organic,268,17
2019-06,department,YouTube,490,29
2019-06,home,Adwords,44,44
2019-06,home,Email,54,54
2019-06,home,Facebook,9,9
2019-06,home,Organic,9,9
2019-06,home,YouTube,14,14
2019-06,product,Adwords,2547,76
2019-06,product,Email,3864,106
2019-06,product,Facebook,879,33
2019-06,product,Organic,456,17
2019-06,product,YouTube,877,29
2019-06,purchase,Adwords,85,75
2019-06,purchase,Email,129,105
2019-06,purchase,Facebook,33,32
2019-06,purchase,Organic,17,17
2019-06,purchase,YouTube,31,29
2019-07,cancel,Adwords,655,0
2019-07,cancel,Email,929,0
2019-07,cancel,Facebook,232,0
2019-07,cancel,Organic,115,0
2019-07,cancel,YouTube,236,0
2019-07,cart,Adwords,1483,85
2019-07,cart,Email,2171,124
2019-07,cart,Facebook,510,35
2019-07,cart,Organic,248,13
2019-07,cart,YouTube,497,30
2019-07,department,Adwords,1400,85
2019-07,department,Email,2198,124
2019-07,department,Facebook,486,35
2019-07,department,Organic,222,13
2019-07,department,YouTube,461,30
2019-07,home,Adwords,42,42
2019-07,home,Email,72,72
2019-07,home,Facebook,17,17
2019-07,home,Organic,5,5
2019-07,home,YouTube,14,14
2019-07,product,Adwords,2679,85
2019-07,product,Email,4113,124
2019-07,product,Facebook,936,35
2019-07,product,Organic,447,13
2019-07,product,YouTube,899,30
2019-07,purchase,Adwords,103,86
2019-07,purchase,Email,156,125
2019-07,purchase,Facebook,36,35
2019-07,purchase,Organic,12,12
2019-07,purchase,YouTube,31,30
2019-08,cancel,Adwords,648,0
2019-08,cancel,Email,970,0
2019-08,cancel,Facebook,195,0
2019-08,cancel,Organic,100,0
2019-08,cancel,YouTube,214,0
2019-08,cart,Adwords,1481,101
2019-08,cart,Email,2192,129
2019-08,cart,Facebook,463,29
2019-08,cart,Organic,234,13
2019-08,cart,YouTube,473,28
2019-08,department,Adwords,1470,101
2019-08,department,Email,2142,129
2019-08,department,Facebook,455,29
2019-08,department,Organic,256,13
2019-08,department,YouTube,466,28
2019-08,home,Adwords,55,55
2019-08,home,Email,82,81
2019-08,home,Facebook,16,16
2019-08,home,Organic,7,7
2019-08,home,YouTube,12,12
2019-08,product,Adwords,2740,101
2019-08,product,Email,4058,129
2019-08,product,Facebook,835,29
2019-08,product,Organic,477,13
2019-08,product,YouTube,897,28
2019-08,purchase,Adwords,116,101
2019-08,purchase,Email,149,131
2019-08,purchase,Facebook,31,30
2019-08,purchase,Organic,15,14
2019-08,purchase,YouTube,27,27
2019-09,cancel,Adwords,618,0
2019-09,cancel,Email,910,0
2019-09,cancel,Facebook,206,0
2019-09,cancel,Organic,100,0
2019-09,cancel,YouTube,204,0
2019-09,cart,Adwords,1477,116
2019-09,cart,Email,2232,170
2019-09,cart,Facebook,502,57
2019-09,cart,Organic,238,22
2019-09,cart,YouTube,489,38
2019-09,department,Adwords,1452,116
2019-09,department,Email,2241,170
2019-09,department,Facebook,501,57
2019-09,department,Organic,248,22
2019-09,department,YouTube,493,38
2019-09,home,Adwords,68,68
2019-09,home,Email,98,98
2019-09,home,Facebook,34,34
2019-09,home,Organic,14,14
2019-09,home,YouTube,16,16
2019-09,product,Adwords,2701,116
2019-09,product,Email,4076,170
2019-09,product,Facebook,897,57
2019-09,product,Organic,442,22
2019-09,product,YouTube,885,38
2019-09,purchase,Adwords,121,113
2019-09,purchase,Email,204,165
2019-09,purchase,Facebook,57,56
2019-09,purchase,Organic,22,22
2019-09,purchase,YouTube,39,38
2019-10,cancel,Adwords,619,0
2019-10,cancel,Email,919,0
2019-10,cancel,Facebook,221,0
2019-10,cancel,Organic,113,0
2019-10,cancel,YouTube,202,0
2019-10,cart,Adwords,1501,120
2019-10,cart,Email,2216,187
2019-10,cart,Facebook,534,52
2019-10,cart,Organic,254,13
2019-10,cart,YouTube,499,44
2019-10,department,Adwords,1566,120
2019-10,department,Email,2205,187
2019-10,department,Facebook,520,52
2019-10,department,Organic,253,13
2019-10,department,YouTube,538,44
2019-10,home,Adwords,73,73
2019-10,home,Email,116,116
2019-10,home,Facebook,26,26
2019-10,home,Organic,6,6
2019-10,home,YouTube,24,24
2019-10,product,Adwords,2801,120
2019-10,product,Email,4108,187
2019-10,product,Facebook,947,52
2019-10,product,Organic,476,13
2019-10,product,YouTube,956,44
2019-10,purchase,Adwords,145,125
2019-10,purchase,Email,233,197
2019-10,purchase,Facebook,53,53
2019-10,purchase,Organic,14,12
2019-10,purchase,YouTube,48,46
2019-11,cancel,Adwords,594,0
2019-11,cancel,Email,909,0
2019-11,cancel,Facebook,177,0
2019-11,cancel,Organic,103,0
2019-11,cancel,YouTube,217,0
2019-11,cart,Adwords,1464,129
2019-11,cart,Email,2224,185
2019-11,cart,Facebook,456,41
2019-11,cart,Organic,267,28
2019-11,cart,YouTube,513,51
2019-11,department,Adwords,1491,129
2019-11,department,Email,2215,185
2019-11,department,Facebook,473,41
2019-11,department,Organic,262,28
2019-11,department,YouTube,517,51
2019-11,home,Adwords,78,78
2019-11,home,Email,109,109
2019-11,home,Facebook,19,19
2019-11,home,Organic,13,13
2019-11,home,YouTube,28,28
2019-11,product,Adwords,2688,129
2019-11,product,Email,4058,185
2019-11,product,Facebook,844,41
2019-11,product,Organic,472,28
2019-11,product,YouTube,945,51
2019-11,purchase,Adwords,140,128
2019-11,purchase,Email,221,185
2019-11,purchase,Facebook,40,40
2019-11,purchase,Organic,30,28
2019-11,purchase,YouTube,52,50
2019-12,cancel,Adwords,646,0
2019-12,cancel,Email,979,0
2019-12,cancel,Facebook,193,0
2019-12,cancel,Organic,105,0
2019-12,cancel,YouTube,206,0
2019-12,cart,Adwords,1614,172
2019-12,cart,Email,2444,253
2019-12,cart,Facebook,557,69
2019-12,cart,Organic,250,26
2019-12,cart,YouTube,542,56
2019-12,department,Adwords,1637,172
2019-12,department,Email,2399,253
2019-12,department,Facebook,558,69
2019-12,department,Organic,251,26
2019-12,department,YouTube,530,56
2019-12,home,Adwords,95,95
2019-12,home,Email,159,158
2019-12,home,Facebook,35,35
2019-12,home,Organic,13,13
2019-12,home,YouTube,32,32
2019-12,product,Adwords,2897,172
2019-12,product,Email,4325,253
2019-12,product,Facebook,959,69
2019-12,product,Organic,477,26
2019-12,product,YouTube,919,56
2019-12,purchase,Adwords,189,168
2019-12,purchase,Email,299,253
2019-12,purchase,Facebook,72,67
2019-12,purchase,Organic,30,26
2019-12,purchase,YouTube,57,55
2020-01,cancel,Adwords,612,0
2020-01,cancel,Email,938,0
2020-01,cancel,Facebook,241,0
2020-01,cancel,Organic,101,0
2020-01,cancel,YouTube,213,0
2020-01,cart,Adwords,1693,181
2020-01,cart,Email,2593,263
2020-01,cart,Facebook,566,61
2020-01,cart,Organic,278,37
2020-01,cart,YouTube,556,68
2020-01,department,Adwords,1682,181
2020-01,department,Email,2601,263
2020-01,department,Facebook,548,61
2020-01,department,Organic,269,37
2020-01,department,YouTube,560,68
2020-01,home,Adwords,85,84
2020-01,home,Email,136,136
2020-01,home,Facebook,27,27
2020-01,home,Organic,14,14
2020-01,home,YouTube,37,37
2020-01,product,Adwords,2940,181
2020-01,product,Email,4498,263
2020-01,product,Facebook,1043,61
2020-01,product,Organic,471,37
2020-01,product,YouTube,962,68
2020-01,purchase,Adwords,211,187
2020-01,purchase,Email,328,264
2020-01,purchase,Facebook,65,63
2020-01,purchase,Organic,38,38
2020-01,purchase,YouTube,71,70
2020-02,cancel,Adwords,566,0
2020-02,cancel,Email,842,0
2020-02,cancel,Facebook,217,0
2020-02,cancel,Organic,110,0
2020-02,cancel,YouTube,199,0
2020-02,cart,Adwords,1582,194
2020-02,cart,Email,2361,263
2020-02,cart,Facebook,544,75
2020-02,cart,Organic,290,38
2020-02,cart,YouTube,512,58
2020-02,department,Adwords,1652,194
2020-02,department,Email,2404,263
2020-02,department,Facebook,514,75
2020-02,department,Organic,291,38
2020-02,department,YouTube,508,58
2020-02,home,Adwords,109,108
2020-02,home,Email,150,149
2020-02,home,Facebook,40,40
2020-02,home,Organic,13,13
2020-02,home,YouTube,24,24
2020-02,product,Adwords,2817,194
2020-02,product,Email,4157,263
2020-02,product,Facebook,946,75
2020-02,product,Organic,487,38
2020-02,product,YouTube,901,58
2020-02,purchase,Adwords,222,193
2020-02,purchase,Email,321,266
2020-02,purchase,Facebook,79,76
2020-02,purchase,Organic,38,37
2020-02,purchase,YouTube,59,58
2020-03,cancel,Adwords,646,0
2020-03,cancel,Email,990,0
2020-03,cancel,Facebook,219,0
2020-03,cancel,Organic,89,0
2020-03,cancel,YouTube,219,0
2020-03,cart,Adwords,1787,190
2020-03,cart,Email,2677,306
2020-03,cart,Facebook,594,90
2020-03,cart,Organic,258,34
2020-03,cart,YouTube,568,71
2020-03,department,Adwords,1790,190
2020-03,department,Email,2599,306
2020-03,department,Facebook,580,90
2020-03,department,Organic,258,34
2020-03,department,YouTube,544,70
2020-03,home,Adwords,88,88
2020-03,home,Email,178,178
2020-03,home,Facebook,47,47
2020-03,home,Organic,15,15
2020-03,home,YouTube,31,31
2020-03,product,Adwords,3083,190
2020-03,product,Email,4531,306
2020-03,product,Facebook,1026,90
2020-03,product,Organic,457,34
2020-03,product,YouTube,978,71
2020-03,purchase,Adwords,221,190
2020-03,purchase,Email,373,309
2020-03,purchase,Facebook,93,90
2020-03,purchase,Organic,36,36
2020-03,purchase,YouTube,72,69
2020-04,cancel,Adwords,634,0
2020-04,cancel,Email,899,0
2020-04,cancel,Facebook,215,0
2020-04,cancel,Organic,106,0
2020-04,cancel,YouTube,214,0
2020-04,cart,Adwords,1730,220
2020-04,cart,Email,2471,316
2020-04,cart,Facebook,547,77
2020-04,cart,Organic,282,49
2020-04,cart,YouTube,579,77
2020-04,department,Adwords,1740,220
2020-04,department,Email,2490,316
2020-04,department,Facebook,536,77
2020-04,department,Organic,299,49
2020-04,department,YouTube,582,77
2020-04,home,Adwords,122,122
2020-04,home,Email,189,188
2020-04,home,Facebook,38,38
2020-04,home,Organic,25,25
2020-04,home,YouTube,41,41
2020-04,product,Adwords,3001,220
2020-04,product,Email,4270,316
2020-04,product,Facebook,956,77
2020-04,product,Organic,501,49
2020-04,product,YouTube,982,77
2020-04,purchase,Adwords,246,218
2020-04,purchase,Email,379,319
2020-04,purchase,Facebook,76,75
2020-04,purchase,Organic,46,46
2020-04,purchase,YouTube,79,78
2020-05,cancel,Adwords,688,0
2020-05,cancel,Email,932,0
2020-05,cancel,Facebook,224,0
2020-05,cancel,Organic,98,0
2020-05,cancel,YouTube,225,0
2020-05,cart,Adwords,1933,250
2020-05,cart,Email,2712,339
2020-05,cart,Facebook,601,79
2020-05,cart,Organic,292,42
2020-05,cart,YouTube,689,116
2020-05,department,Adwords,1853,250
2020-05,department,Email,2716,339
2020-05,department,Facebook,589,79
2020-05,department,Organic,304,42
2020-05,department,YouTube,694,116
2020-05,home,Adwords,133,132
2020-05,home,Email,199,199
2020-05,home,Facebook,36,36
2020-05,home,Organic,21,21
2020-05,home,YouTube,58,58
2020-05,product,Adwords,3159,250
2020-05,product,Email,4517,339
2020-05,product,Facebook,1027,79
2020-05,product,Organic,503,42
2020-05,product,YouTube,1129,116
2020-05,purchase,Adwords,290,254
2020-05,purchase,Email,423,341
2020-05,purchase,Facebook,80,78
2020-05,purchase,Organic,43,43
2020-05,purchase,YouTube,120,114
2020-06,cancel,Adwords,615,0
2020-06,cancel,Email,935,0
2020-06,cancel,Facebook,189,0
2020-06,cancel,Organic,85,0
2020-06,cancel,YouTube,208,0
2020-06,cart,Adwords,1852,275
2020-06,cart,Email,2754,411
2020-06,cart,Facebook,585,91
2020-06,cart,Organic,284,53
2020-06,cart,YouTube,612,93
2020-06,department,Adwords,1873,275
2020-06,department,Email,2700,411
2020-06,department,Facebook,606,91
2020-06,department,Organic,314,53
2020-06,department,YouTube,592,93
2020-06,home,Adwords,140,140
2020-06,home,Email,233,233
2020-06,home,Facebook,48,48
2020-06,home,Organic,26,26
2020-06,home,YouTube,44,44
2020-06,product,Adwords,3101,275
2020-06,product,Email,4514,411
2020-06,product,Facebook,1001,91
2020-06,product,Organic,491,53
2020-06,product,YouTube,1011,93
2020-06,purchase,Adwords,311,278
2020-06,purchase,Email,480,413
2020-06,purchase,Facebook,100,91
2020-06,purchase,Organic,53,52
2020-06,purchase,YouTube,96,94
2020-07,cancel,Adwords,583,0
2020-07,cancel,Email,917,0
2020-07,cancel,Facebook,220,0
2020-07,cancel,Organic,93,0
2020-07,cancel,YouTube,237,0
2020-07,cart,Adwords,1839,303
2020-07,cart,Email,2811,416
2020-07,cart,Facebook,663,116
2020-07,cart,Organic,287,41
2020-07,cart,YouTube,665,111
2020-07,department,Adwords,1895,303
2020-07,department,Email,2839,416
2020-07,department,Facebook,633,116
2020-07,department,Organic,282,41
2020-07,department,YouTube,649,111
2020-07,home,Adwords,166,166
2020-07,home,Email,246,243
2020-07,home,Facebook,60,60
2020-07,home,Organic,18,18
2020-07,home,YouTube,56,56
2020-07,product,Adwords,3146,303
2020-07,product,Email,4650,416
2020-07,product,Facebook,1065,116
2020-07,product,Organic,464,41
2020-07,product,YouTube,1096,111
2020-07,purchase,Adwords,347,304
2020-07,purchase,Email,509,418
2020-07,purchase,Facebook,119,113
2020-07,purchase,Organic,44,44
2020-07,purchase,YouTube,113,108
2020-08,cancel,Adwords,612,0
2020-08,cancel,Email,926,0
2020-08,cancel,Facebook,199,0
2020-08,cancel,Organic,103,0
2020-08,cancel,YouTube,211,0
2020-08,cart,Adwords,1818,276
2020-08,cart,Email,2806,435
2020-08,cart,Facebook,617,106
2020-08,cart,Organic,280,44
2020-08,cart,YouTube,606,99
2020-08,department,Adwords,1828,276
2020-08,department,Email,2859,435
2020-08,department,Facebook,627,106
2020-08,department,Organic,288,44
2020-08,department,YouTube,606,99
2020-08,home,Adwords,142,142
2020-08,home,Email,248,247
2020-08,home,Facebook,47,47
2020-08,home,Organic,9,9
2020-08,home,YouTube,58,58
2020-08,product,Adwords,3069,276
2020-08,product,Email,4720,435
2020-08,product,Facebook,1047,106
2020-08,product,Organic,495,44
2020-08,product,YouTube,1039,99
2020-08,purchase,Adwords,317,280
2020-08,purchase,Email,515,438
2020-08,purchase,Facebook,115,112
2020-08,purchase,Organic,44,44
2020-08,purchase,YouTube,104,101
2020-09,cancel,Adwords,565,0
2020-09,cancel,Email,945,0
2020-09,cancel,Facebook,215,0
2020-09,cancel,Organic,105,0
2020-09,cancel,YouTube,209,0
2020-09,cart,Adwords,1871,329
2020-09,cart,Email,2851,433
2020-09,cart,Facebook,709,126
2020-09,cart,Organic,301,59
2020-09,cart,YouTube,577,89
2020-09,department,Adwords,1886,329
2020-09,department,Email,2812,433
2020-09,department,Facebook,689,126
2020-09,department,Organic,308,59
2020-09,department,YouTube,579,89
2020-09,home,Adwords,180,180
2020-09,home,Email,254,253
2020-09,home,Facebook,57,57
2020-09,home,Organic,31,31
2020-09,home,YouTube,43,43
2020-09,product,Adwords,3089,329
2020-09,product,Email,4727,433
2020-09,product,Facebook,1107,126
2020-09,product,Organic,518,59
2020-09,product,YouTube,1015,89
2020-09,purchase,Adwords,369,325
2020-09,purchase,Email,520,437
2020-09,purchase,Facebook,130,123
2020-09,purchase,Organic,59,57
2020-09,purchase,YouTube,101,90
2020-10,cancel,Adwords,670,0
2020-10,cancel,Email,960,0
2020-10,cancel,Facebook,214,0
2020-10,cancel,Organic,110,0
2020-10,cancel,YouTube,201,0
2020-10,cart,Adwords,2090,352
2020-10,cart,Email,3116,487
2020-10,cart,Facebook,690,136
2020-10,cart,Organic,352,64
2020-10,cart,YouTube,683,132
2020-10,department,Adwords,2022,352
2020-10,department,Email,3115,487
2020-10,department,Facebook,679,136
2020-10,department,Organic,347,64
2020-10,department,YouTube,694,132
2020-10,home,Adwords,184,184
2020-10,home,Email,273,271
2020-10,home,Facebook,69,69
2020-10,home,Organic,25,25
2020-10,home,YouTube,67,67
2020-10,product,Adwords,3389,352
2020-10,product,Email,5004,487
2020-10,product,Facebook,1120,136
2020-10,product,Organic,579,64
2020-10,product,YouTube,1087,132
2020-10,purchase,Adwords,403,352
2020-10,purchase,Email,594,492
2020-10,purchase,Facebook,145,136
2020-10,purchase,Organic,68,65
2020-10,purchase,YouTube,139,130
2020-11,cancel,Adwords,604,0
2020-11,cancel,Email,901,0
2020-11,cancel,Facebook,202,0
2020-11,cancel,Organic,101,0
2020-11,cancel,YouTube,216,0
2020-11,cart,Adwords,1963,361
2020-11,cart,Email,2884,496
2020-11,cart,Facebook,661,126
2020-11,cart,Organic,317,63
2020-11,cart,YouTube,722,139
2020-11,department,Adwords,1956,361
2020-11,department,Email,2857,496
2020-11,department,Facebook,677,126
2020-11,department,Organic,329,63
2020-11,department,YouTube,705,139
2020-11,home,Adwords,209,209
2020-11,home,Email,287,285
2020-11,home,Facebook,55,55
2020-11,home,Organic,32,32
2020-11,home,YouTube,68,68
2020-11,product,Adwords,3164,361
2020-11,product,Email,4662,496
2020-11,product,Facebook,1062,126
2020-11,product,Organic,542,63
2020-11,product,YouTube,1127,139
2020-11,purchase,Adwords,406,364
2020-11,purchase,Email,580,496
2020-11,purchase,Facebook,136,127
2020-11,purchase,Organic,62,62
2020-11,purchase,YouTube,148,137
2020-12,cancel,Adwords,630,0
2020-12,cancel,Email,951,0
2020-12,cancel,Facebook,222,0
2020-12,cancel,Organic,99,0
2020-12,cancel,YouTube,208,0
2020-12,cart,Adwords,2201,426
2020-12,cart,Email,3241,555
2020-12,cart,Facebook,742,149
2020-12,cart,Organic,367,74
2020-12,cart,YouTube,754,152
2020-12,department,Adwords,2186,426
2020-12,department,Email,3285,555
2020-12,department,Facebook,735,149
2020-12,department,Organic,380,74
2020-12,department,YouTube,758,152
2020-12,home,Adwords,225,225
2020-12,home,Email,314,312
2020-12,home,Facebook,78,78
2020-12,home,Organic,30,30
2020-12,home,YouTube,64,64
2020-12,product,Adwords,3465,426
2020-12,product,Email,5213,555
2020-12,product,Facebook,1170,149
2020-12,product,Organic,588,74
2020-12,product,YouTube,1160,152
2020-12,purchase,Adwords,489,429
2020-12,purchase,Email,675,559
2020-12,purchase,Facebook,160,154
2020-12,purchase,Organic,74,74
2020-12,purchase,YouTube,161,152
2021-01,cancel,Adwords,668,0
2021-01,cancel,Email,953,0
2021-01,cancel,Facebook,226,0
2021-01,cancel,Organic,101,0
2021-01,cancel,YouTube,198,0
2021-01,cart,Adwords,2418,479
2021-01,cart,Email,3498,643
2021-01,cart,Facebook,710,163
2021-01,cart,Organic,397,89
2021-01,cart,YouTube,723,155
2021-01,department,Adwords,2393,479
2021-01,department,Email,3505,643
2021-01,department,Facebook,684,163
2021-01,department,Organic,403,89
2021-01,department,YouTube,742,155
2021-01,home,Adwords,247,246
2021-01,home,Email,359,358
2021-01,home,Facebook,93,93
2021-01,home,Organic,49,49
2021-01,home,YouTube,67,67
2021-01,product,Adwords,3665,479
2021-01,product,Email,5389,643
2021-01,product,Facebook,1102,163
2021-01,product,Organic,620,89
2021-01,product,YouTube,1155,155
2021-01,purchase,Adwords,548,473
2021-01,purchase,Email,780,639
2021-01,purchase,Facebook,162,157
2021-01,purchase,Organic,91,88
2021-01,purchase,YouTube,158,151
2021-02,cancel,Adwords,588,0
2021-02,cancel,Email,843,0
2021-02,cancel,Facebook,195,0
2021-02,cancel,Organic,93,0
2021-02,cancel,YouTube,211,0
2021-02,cart,Adwords,1949,388
2021-02,cart,Email,2943,537
2021-02,cart,Facebook,647,132
2021-02,cart,Organic,292,54
2021-02,cart,YouTube,663,123
2021-02,department,Adwords,1931,388
2021-02,department,Email,2951,538
2021-02,department,Facebook,637,132
2021-02,department,Organic,303,54
2021-02,department,YouTube,642,123
2021-02,home,Adwords,221,220
2021-02,home,Email,320,320
2021-02,home,Facebook,68,68
2021-02,home,Organic,24,24
2021-02,home,YouTube,62,62
2021-02,product,Adwords,3118,388
2021-02,product,Email,4679,538
2021-02,product,Facebook,998,132
2021-02,product,Organic,485,54
2021-02,product,YouTube,1053,123
2021-02,purchase,Adwords,438,392
2021-02,purchase,Email,655,547
2021-02,purchase,Facebook,143,137
2021-02,purchase,Organic,58,56
2021-02,purchase,YouTube,139,131
2021-03,cancel,Adwords,646,0
2021-03,cancel,Email,953,0
2021-03,cancel,Facebook,210,0
2021-03,cancel,Organic,108,0
2021-03,cancel,YouTube,222,0
2021-03,cart,Adwords,2268,448
2021-03,cart,Email,3414,630
2021-03,cart,Facebook,718,165
2021-03,cart,Organic,370,88
2021-03,cart,YouTube,780,163
2021-03,department,Adwords,2257,448
2021-03,department,Email,3458,629
2021-03,department,Facebook,686,165
2021-03,department,Organic,392,87
2021-03,department,YouTube,777,163
2021-03,home,Adwords,247,247
2021-03,home,Email,365,365
2021-03,home,Facebook,81,81
2021-03,home,Organic,46,46
2021-03,home,YouTube,79,79
2021-03,product,Adwords,3570,448
2021-03,product,Email,5311,629
2021-03,product,Facebook,1107,165
2021-03,product,Organic,604,88
2021-03,product,YouTube,1213,163
2021-03,purchase,Adwords,518,464
2021-03,purchase,Email,791,644
2021-03,purchase,Facebook,162,162
2021-03,purchase,Organic,89,88
2021-03,purchase,YouTube,169,162
2021-04,cancel,Adwords,630,0
2021-04,cancel,Email,936,0
2021-04,cancel,Facebook,207,0
2021-04,cancel,Organic,113,0
2021-04,cancel,YouTube,244,0
2021-04,cart,Adwords,2180,443
2021-04,cart,Email,3251,640
2021-04,cart,Facebook,723,165
2021-04,cart,Organic,403,101
2021-04,cart,YouTube,779,178
2021-04,department,Adwords,2187,443
2021-04,department,Email,3260,640
2021-04,department,Facebook,719,165
2021-04,department,Organic,375,101
2021-04,department,YouTube,729,178
2021-04,home,Adwords,259,259
2021-04,home,Email,385,385
2021-04,home,Facebook,81,81
2021-04,home,Organic,50,50
2021-04,home,YouTube,90,90
2021-04,product,Adwords,3409,443
2021-04,product,Email,5060,640
2021-04,product,Facebook,1125,165
2021-04,product,Organic,587,101
2021-04,product,YouTube,1177,178
2021-04,purchase,Adwords,502,448
2021-04,purchase,Email,768,645
2021-04,purchase,Facebook,168,162
2021-04,purchase,Organic,102,100
2021-04,purchase,YouTube,185,176
2021-05,cancel,Adwords,598,0
2021-05,cancel,Email,926,0
2021-05,cancel,Facebook,223,0
2021-05,cancel,Organic,109,0
2021-05,cancel,YouTube,213,0
2021-05,cart,Adwords,2384,504
2021-05,cart,Email,3546,717
2021-05,cart,Facebook,807,175
2021-05,cart,Organic,379,83
2021-05,cart,YouTube,777,181
2021-05,department,Adwords,2427,504
2021-05,department,Email,3518,717
2021-05,department,Facebook,802,175
2021-05,department,Organic,397,84
2021-05,department,YouTube,770,181
2021-05,home,Adwords,282,282
2021-05,home,Email,410,408
2021-05,home,Facebook,87,87
2021-05,home,Organic,39,39
2021-05,home,YouTube,92,92
2021-05,product,Adwords,3616,504
2021-05,product,Email,5411,717
2021-05,product,Facebook,1249,175
2021-05,product,Organic,618,83
2021-05,product,YouTube,1180,181
2021-05,purchase,Adwords,580,505
2021-05,purchase,Email,887,728
2021-05,purchase,Facebook,187,177
2021-05,purchase,Organic,87,85
2021-05,purchase,YouTube,185,177
2021-06,cancel,Adwords,682,0
2021-06,cancel,Email,939,0
2021-06,cancel,Facebook,204,0
2021-06,cancel,Organic,114,0
2021-06,cancel,YouTube,218,0
2021-06,cart,Adwords,2467,516
2021-06,cart,Email,3445,705
2021-06,cart,Facebook,755,178
2021-06,cart,Organic,417,98
2021-06,cart,YouTube,740,182
2021-06,department,Adwords,2409,516
2021-06,department,Email,3414,705
2021-06,department,Facebook,760,178
2021-06,department,Organic,395,97
2021-06,department,YouTube,714,182
2021-06,home,Adwords,277,277
2021-06,home,Email,419,419
2021-06,home,Facebook,92,92
2021-06,home,Organic,49,49
2021-06,home,YouTube,105,105
2021-06,product,Adwords,3645,516
2021-06,product,Email,5292,705
2021-06,product,Facebook,1155,178
2021-06,product,Organic,604,98
2021-06,product,YouTube,1138,182
2021-06,purchase,Adwords,589,520
2021-06,purchase,Email,841,711
2021-06,purchase,Facebook,183,175
2021-06,purchase,Organic,97,94
2021-06,purchase,YouTube,194,188
2021-07,cancel,Adwords,662,0
2021-07,cancel,Email,955,0
2021-07,cancel,Facebook,221,0
2021-07,cancel,Organic,114,0
2021-07,cancel,YouTube,219,0
2021-07,cart,Adwords,2518,565
2021-07,cart,Email,3493,723
2021-07,cart,Facebook,784,195
2021-07,cart,Organic,428,109
2021-07,cart,YouTube,794,172
2021-07,department,Adwords,2509,565
2021-07,department,Email,3483,723
2021-07,department,Facebook,785,195
2021-07,department,Organic,416,109
2021-07,department,YouTube,799,172
2021-07,home,Adwords,307,306
2021-07,home,Email,420,419
2021-07,home,Facebook,102,102
2021-07,home,Organic,62,62
2021-07,home,YouTube,80,80
2021-07,product,Adwords,3795,565
2021-07,product,Email,5440,723
2021-07,product,Facebook,1200,195
2021-07,product,Organic,632,109
2021-07,product,YouTube,1240,172
2021-07,purchase,Adwords,642,560
2021-07,purchase,Email,851,720
2021-07,purchase,Facebook,201,197
2021-07,purchase,Organic,112,111
2021-07,purchase,YouTube,180,169
2021-08,cancel,Adwords,656,0
2021-08,cancel,Email,943,0
2021-08,cancel,Facebook,244,0
2021-08,cancel,Organic,100,0
2021-08,cancel,YouTube,208,0
2021-08,cart,Adwords,2476,576
2021-08,cart,Email,3778,831
2021-08,cart,Facebook,862,208
2021-08,cart,Organic,434,117
2021-08,cart,YouTube,846,199
2021-08,department,Adwords,2462,576
2021-08,department,Email,3783,831
2021-08,department,Facebook,821,208
2021-08,department,Organic,443,117
2021-08,department,YouTube,851,199
2021-08,home,Adwords,323,322
2021-08,home,Email,493,491
2021-08,home,Facebook,106,106
2021-08,home,Organic,57,57
2021-08,home,YouTube,103,102
2021-08,product,Adwords,3741,576
2021-08,product,Email,5650,831
2021-08,product,Facebook,1247,208
2021-08,product,Organic,645,117
2021-08,product,YouTube,1271,199
2021-08,purchase,Adwords,645,578
2021-08,purchase,Email,1005,837
2021-08,purchase,Facebook,218,205
2021-08,purchase,Organic,119,117
2021-08,purchase,YouTube,214,203
2021-09,cancel,Adwords,651,0
2021-09,cancel,Email,896,0
2021-09,cancel,Facebook,215,0
2021-09,cancel,Organic,103,0
2021-09,cancel,YouTube,218,0
2021-09,cart,Adwords,2559,576
2021-09,cart,Email,3691,806
2021-09,cart,Facebook,834,211
2021-09,cart,Organic,378,94
2021-09,cart,YouTube,833,213
2021-09,department,Adwords,2497,576
2021-09,department,Email,3729,806
2021-09,department,Facebook,833,211
2021-09,department,Organic,385,94
2021-09,department,YouTube,838,213
2021-09,home,Adwords,318,317
2021-09,home,Email,483,479
2021-09,home,Facebook,103,103
2021-09,home,Organic,42,42
2021-09,home,YouTube,100,100
2021-09,product,Adwords,3735,576
2021-09,product,Email,5513,806
2021-09,product,Facebook,1259,211
2021-09,product,Organic,598,94
2021-09,product,YouTube,1251,213
2021-09,purchase,Adwords,661,582
2021-09,purchase,Email,989,813
2021-09,purchase,Facebook,225,214
2021-09,purchase,Organic,95,95
2021-09,purchase,YouTube,215,205
2021-10,cancel,Adwords,636,0
2021-10,cancel,Email,958,0
2021-10,cancel,Facebook,193,0
2021-10,cancel,Organic,101,0
2021-10,cancel,YouTube,228,0
2021-10,cart,Adwords,2726,636
2021-10,cart,Email,4073,922
2021-10,cart,Facebook,817,216
2021-10,cart,Organic,430,117
2021-10,cart,YouTube,876,225
2021-10,department,Adwords,2690,636
2021-10,department,Email,4049,922
2021-10,department,Facebook,823,216
2021-10,department,Organic,431,117
2021-10,department,YouTube,875,225
2021-10,home,Adwords,336,333
2021-10,home,Email,522,519
2021-10,home,Facebook,109,109
2021-10,home,Organic,53,53
2021-10,home,YouTube,112,112
2021-10,product,Adwords,3959,636
2021-10,product,Email,5955,922
2021-10,product,Facebook,1227,216
2021-10,product,Organic,645,117
2021-10,product,YouTube,1315,225
2021-10,purchase,Adwords,733,638
2021-10,purchase,Email,1134,929
2021-10,purchase,Facebook,224,218
2021-10,purchase,Organic,115,115
2021-10,purchase,YouTube,244,233
2021-11,cancel,Adwords,640,0
2021-11,cancel,Email,944,0
2021-11,cancel,Facebook,191,0
2021-11,cancel,Organic,96,0
2021-11,cancel,YouTube,210,0
2021-11,cart,Adwords,2621,640
2021-11,cart,Email,3802,883
2021-11,cart,Facebook,949,251
2021-11,cart,Organic,466,132
2021-11,cart,YouTube,877,226
2021-11,department,Adwords,2579,640
2021-11,department,Email,3767,883
2021-11,department,Facebook,952,251
2021-11,department,Organic,477,132
2021-11,department,YouTube,868,226
2021-11,home,Adwords,355,354
2021-11,home,Email,511,507
2021-11,home,Facebook,123,123
2021-11,home,Organic,59,59
2021-11,home,YouTube,112,111
2021-11,product,Adwords,3848,640
2021-11,product,Email,5624,883
2021-11,product,Facebook,1343,251
2021-11,product,Organic,654,132
2021-11,product,YouTube,1270,226
2021-11,purchase,Adwords,734,643
2021-11,purchase,Email,1045,883
2021-11,purchase,Facebook,270,249
2021-11,purchase,Organic,138,135
2021-11,purchase,YouTube,243,229
2021-12,cancel,Adwords,633,0
2021-12,cancel,Email,915,0
2021-12,cancel,Facebook,217,0
2021-12,cancel,Organic,94,0
2021-12,cancel,YouTube,215,0
2021-12,cart,Adwords,2724,642
2021-12,cart,Email,4057,952
2021-12,cart,Facebook,952,273
2021-12,cart,Organic,470,138
2021-12,cart,YouTube,888,249
2021-12,department,Adwords,2715,642
2021-12,department,Email,4085,952
2021-12,department,Facebook,941,273
2021-12,department,Organic,496,138
2021-12,department,YouTube,895,249
2021-12,home,Adwords,346,346
2021-12,home,Email,557,552
2021-12,home,Facebook,132,132
2021-12,home,Organic,77,77
2021-12,home,YouTube,141,141
2021-12,product,Adwords,4015,642
2021-12,product,Email,5980,952
2021-12,product,Facebook,1323,273
2021-12,product,Organic,704,138
2021-12,product,YouTube,1339,249
2021-12,purchase,Adwords,745,652
2021-12,purchase,Email,1171,972
2021-12,purchase,Facebook,282,274
2021-12,purchase,Organic,142,137
2021-12,purchase,YouTube,258,247
2022-01,cancel,Adwords,620,0
2022-01,cancel,Email,978,0
2022-01,cancel,Facebook,199,0
2022-01,cancel,Organic,107,0
2022-01,cancel,YouTube,196,0
2022-01,cart,Adwords,2828,738
2022-01,cart,Email,4313,1025
2022-01,cart,Facebook,977,266
2022-01,cart,Organic,496,149
2022-01,cart,YouTube,952,248
2022-01,department,Adwords,2809,738
2022-01,department,Email,4350,1025
2022-01,department,Facebook,969,266
2022-01,department,Organic,492,149
2022-01,department,YouTube,968,248
2022-01,home,Adwords,398,396
2022-01,home,Email,583,578
2022-01,home,Facebook,129,128
2022-01,home,Organic,73,72
2022-01,home,YouTube,117,117
2022-01,product,Adwords,4058,738
2022-01,product,Email,6271,1025
2022-01,product,Facebook,1378,266
2022-01,product,Organic,706,149
2022-01,product,YouTube,1394,248
2022-01,purchase,Adwords,820,733
2022-01,purchase,Email,1237,1024
2022-01,purchase,Facebook,277,260
2022-01,purchase,Organic,154,152
2022-01,purchase,YouTube,262,247
2022-02,cancel,Adwords,609,0
2022-02,cancel,Email,878,0
2022-02,cancel,Facebook,202,0
2022-02,cancel,Organic,102,0
2022-02,cancel,YouTube,193,0
2022-02,cart,Adwords,2620,634
2022-02,cart,Email,3807,903
2022-02,cart,Facebook,885,242
2022-02,cart,Organic,451,130
2022-02,cart,YouTube,871,247
2022-02,department,Adwords,2603,634
2022-02,department,Email,3739,903
2022-02,department,Facebook,872,242
2022-02,department,Organic,441,130
2022-02,department,YouTube,864,247
2022-02,home,Adwords,333,331
2022-02,home,Email,530,526
2022-02,home,Facebook,124,124
2022-02,home,Organic,63,63
2022-02,home,YouTube,126,126
2022-02,product,Adwords,3779,634
2022-02,product,Email,5465,903
2022-02,product,Facebook,1258,242
2022-02,product,Organic,647,130
2022-02,product,YouTube,1232,247
2022-02,purchase,Adwords,734,639
2022-02,purchase,Email,1098,918
2022-02,purchase,Facebook,255,246
2022-02,purchase,Organic,129,126
2022-02,purchase,YouTube,266,252
2022-03,cancel,Adwords,642,0
2022-03,cancel,Email,901,0
2022-03,cancel,Facebook,203,0
2022-03,cancel,Organic,115,0
2022-03,cancel,YouTube,204,0
2022-03,cart,Adwords,2929,803
2022-03,cart,Email,4188,1089
2022-03,cart,Facebook,942,282
2022-03,cart,Organic,511,148
2022-03,cart,YouTube,976,286
2022-03,department,Adwords,2873,803
2022-03,department,Email,4222,1089
2022-03,department,Facebook,932,282
2022-03,department,Organic,500,148
2022-03,department,YouTube,979,286
2022-03,home,Adwords,446,446
2022-03,home,Email,652,649
2022-03,home,Facebook,150,150
2022-03,home,Organic,82,82
2022-03,home,YouTube,147,147
2022-03,product,Adwords,4132,803
2022-03,product,Email,6067,1089
2022-03,product,Facebook,1320,282
2022-03,product,Organic,715,148
2022-03,product,YouTube,1400,286
2022-03,purchase,Adwords,912,806
2022-03,purchase,Email,1288,1085
2022-03,purchase,Facebook,290,281
2022-03,purchase,Organic,151,148
2022-03,purchase,YouTube,296,280
2022-04,cancel,Adwords,613,0
2022-04,cancel,Email,940,0
2022-04,cancel,Facebook,198,0
2022-04,cancel,Organic,106,0
2022-04,cancel,YouTube,185,0
2022-04,cart,Adwords,2932,749
2022-04,cart,Email,4470,1143
2022-04,cart,Facebook,1001,302
2022-04,cart,Organic,480,136
2022-04,cart,YouTube,916,269
2022-04,department,Adwords,2881,750
2022-04,department,Email,4442,1143
2022-04,department,Facebook,978,302
2022-04,department,Organic,474,136
2022-04,department,YouTube,925,269
2022-04,home,Adwords,407,407
2022-04,home,Email,684,680
2022-04,home,Facebook,158,158
2022-04,home,Organic,66,66
2022-04,home,YouTube,139,139
2022-04,product,Adwords,4093,749
2022-04,product,Email,6296,1143
2022-04,product,Facebook,1389,302
2022-04,product,Organic,678,136
2022-04,product,YouTube,1322,269
2022-04,purchase,Adwords,857,749
2022-04,purchase,Email,1367,1142
2022-04,purchase,Facebook,313,301
2022-04,purchase,Organic,135,133
2022-04,purchase,YouTube,276,267
2022-05,cancel,Adwords,652,0
2022-05,cancel,Email,956,0
2022-05,cancel,Facebook,211,0
2022-05,cancel,Organic,103,0
2022-05,cancel,YouTube,204,0
2022-05,cart,Adwords,3362,884
2022-05,cart,Email,4881,1260
2022-05,cart,Facebook,1082,324
2022-05,cart,Organic,513,152
2022-05,cart,YouTube,1018,308
2022-05,department,Adwords,3354,884
2022-05,department,Email,4894,1260
2022-05,department,Facebook,1088,324
2022-05,department,Organic,511,152
2022-05,department,YouTube,1033,308
2022-05,home,Adwords,462,460
2022-05,home,Email,734,730
2022-05,home,Facebook,155,155
2022-05,home,Organic,68,68
2022-05,home,YouTube,149,149
2022-05,product,Adwords,4652,885
2022-05,product,Email,6802,1260
2022-05,product,Facebook,1507,324
2022-05,product,Organic,725,152
2022-05,product,YouTube,1424,308
2022-05,purchase,Adwords,1033,894
2022-05,purchase,Email,1542,1279
2022-05,purchase,Facebook,336,324
2022-05,purchase,Organic,156,151
2022-05,purchase,YouTube,318,310
2022-06,cancel,Adwords,579,0
2022-06,cancel,Email,903,0
2022-06,cancel,Facebook,183,0
2022-06,cancel,Organic,100,0
2022-06,cancel,YouTube,207,0
2022-06,cart,Adwords,3094,897
2022-06,cart,Email,4585,1239
2022-06,cart,Facebook,1033,319
2022-06,cart,Organic,503,154
2022-06,cart,YouTube,982,315
2022-06,department,Adwords,3165,896
2022-06,department,Email,4545,1239
2022-06,department,Facebook,1056,319
2022-06,department,Organic,510,154
2022-06,department,YouTube,986,315
2022-06,home,Adwords,504,503
2022-06,home,Email,721,714
2022-06,home,Facebook,152,152
2022-06,home,Organic,73,73
2022-06,home,YouTube,169,168
2022-06,product,Adwords,4378,896
2022-06,product,Email,6409,1239
2022-06,product,Facebook,1445,319
2022-06,product,Organic,726,154
2022-06,product,YouTube,1376,315
2022-06,purchase,Adwords,1025,913
2022-06,purchase,Email,1496,1261
2022-06,purchase,Facebook,330,318
2022-06,purchase,Organic,160,159
2022-06,purchase,YouTube,332,324
2022-07,cancel,Adwords,647,0
2022-07,cancel,Email,929,0
2022-07,cancel,Facebook,227,0
2022-07,cancel,Organic,105,0
2022-07,cancel,YouTube,207,0
2022-07,cart,Adwords,3292,930
2022-07,cart,Email,5068,1366
2022-07,cart,Facebook,1140,340
2022-07,cart,Organic,574,193
2022-07,cart,YouTube,1152,383
2022-07,department,Adwords,3313,930
2022-07,department,Email,5096,1367
2022-07,department,Facebook,1108,340
2022-07,department,Organic,583,193
2022-07,department,YouTube,1135,383
2022-07,home,Adwords,520,520
2022-07,home,Email,802,796
2022-07,home,Facebook,168,168
2022-07,home,Organic,94,93
2022-07,home,YouTube,200,200
2022-07,product,Adwords,4615,930
2022-07,product,Email,6927,1367
2022-07,product,Facebook,1558,340
2022-07,product,Organic,805,193
2022-07,product,YouTube,1548,383
2022-07,purchase,Adwords,1047,921
2022-07,purchase,Email,1664,1362
2022-07,purchase,Facebook,358,343
2022-07,purchase,Organic,198,193
2022-07,purchase,YouTube,386,370
2022-08,cancel,Adwords,607,0
2022-08,cancel,Email,1001,0
2022-08,cancel,Facebook,203,0
2022-08,cancel,Organic,93,0
2022-08,cancel,YouTube,230,0
2022-08,cart,Adwords,3581,1071
2022-08,cart,Email,5166,1395
2022-08,cart,Facebook,1149,385
2022-08,cart,Organic,580,193
2022-08,cart,YouTube,1171,348
2022-08,department,Adwords,3582,1071
2022-08,department,Email,5091,1395
2022-08,department,Facebook,1133,385
2022-08,department,Organic,601,193
2022-08,department,YouTube,1130,348
2022-08,home,Adwords,603,601
2022-08,home,Email,854,840
2022-08,home,Facebook,198,197
2022-08,home,Organic,97,97
2022-08,home,YouTube,167,167
2022-08,product,Adwords,4811,1071
2022-08,product,Email,7002,1395
2022-08,product,Facebook,1549,385
2022-08,product,Organic,788,193
2022-08,product,YouTube,1564,348
2022-08,purchase,Adwords,1248,1087
2022-08,purchase,Email,1698,1408
2022-08,purchase,Facebook,408,391
2022-08,purchase,Organic,198,193
2022-08,purchase,YouTube,370,359
2022-09,cancel,Adwords,625,0
2022-09,cancel,Email,839,0
2022-09,cancel,Facebook,201,0
2022-09,cancel,Organic,107,0
2022-09,cancel,YouTube,216,0
2022-09,cart,Adwords,3422,977
2022-09,cart,Email,5082,1396
2022-09,cart,Facebook,1097,361
2022-09,cart,Organic,508,170
2022-09,cart,YouTube,1062,344
2022-09,department,Adwords,3435,977
2022-09,department,Email,5134,1396
2022-09,department,Facebook,1107,361
2022-09,department,Organic,500,170
2022-09,department,YouTube,1047,344
2022-09,home,Adwords,528,527
2022-09,home,Email,811,806
2022-09,home,Facebook,192,191
2022-09,home,Organic,92,92
2022-09,home,YouTube,176,176
2022-09,product,Adwords,4655,977
2022-09,product,Email,6886,1396
2022-09,product,Facebook,1522,361
2022-09,product,Organic,704,170
2022-09,product,YouTube,1468,344
2022-09,purchase,Adwords,1130,979
2022-09,purchase,Email,1723,1412
2022-09,purchase,Facebook,369,355
2022-09,purchase,Organic,173,171
2022-09,purchase,YouTube,350,344
2022-10,cancel,Adwords,609,0
2022-10,cancel,Email,951,0
2022-10,cancel,Facebook,204,0
2022-10,cancel,Organic,109,0
2022-10,cancel,YouTube,213,0
2022-10,cart,Adwords,3776,1132
2022-10,cart,Email,5539,1611
2022-10,cart,Facebook,1210,365
2022-10,cart,Organic,636,211
2022-10,cart,YouTube,1170,382
2022-10,department,Adwords,3792,1132
2022-10,department,Email,5530,1610
2022-10,department,Facebook,1197,365
2022-10,department,Organic,629,211
2022-10,department,YouTube,1171,382
2022-10,home,Adwords,618,616
2022-10,home,Email,959,953
2022-10,home,Facebook,178,178
2022-10,home,Organic,105,105
2022-10,home,YouTube,186,186
2022-10,product,Adwords,4983,1132
2022-10,product,Email,7414,1611
2022-10,product,Facebook,1601,365
2022-10,product,Organic,841,211
2022-10,product,YouTube,1590,382
2022-10,purchase,Adwords,1312,1136
2022-10,purchase,Email,1946,1619
2022-10,purchase,Facebook,397,372
2022-10,purchase,Organic,211,207
2022-10,purchase,YouTube,391,377
2022-11,cancel,Adwords,562,0
2022-11,cancel,Email,972,0
2022-11,cancel,Facebook,189,0
2022-11,cancel,Organic,103,0
2022-11,cancel,YouTube,218,0
2022-11,cart,Adwords,3684,1145
2022-11,cart,Email,5639,1619
2022-11,cart,Facebook,1202,412
2022-11,cart,Organic,610,205
2022-11,cart,YouTube,1245,415
2022-11,department,Adwords,3711,1146
2022-11,department,Email,5588,1619
2022-11,department,Facebook,1242,413
2022-11,department,Organic,607,205
2022-11,department,YouTube,1240,415
2022-11,home,Adwords,637,635
2022-11,home,Email,944,936
2022-11,home,Facebook,212,212
2022-11,home,Organic,107,107
2022-11,home,YouTube,199,199
2022-11,product,Adwords,4897,1146
2022-11,product,Email,7506,1619
2022-11,product,Facebook,1620,413
2022-11,product,Organic,809,205
2022-11,product,YouTube,1657,415
2022-11,purchase,Adwords,1304,1145
2022-11,purchase,Email,1951,1630
2022-11,purchase,Facebook,424,405
2022-11,purchase,Organic,215,204
2022-11,purchase,YouTube,431,413
2022-12,cancel,Adwords,585,0
2022-12,cancel,Email,935,0
2022-12,cancel,Facebook,219,0
2022-12,cancel,Organic,101,0
2022-12,cancel,YouTube,210,0
2022-12,cart,Adwords,3904,1194
2022-12,cart,Email,5658,1639
2022-12,cart,Facebook,1290,441
2022-12,cart,Organic,587,217
2022-12,cart,YouTube,1262,418
2022-12,department,Adwords,3961,1194
2022-12,department,Email,5677,1639
2022-12,department,Facebook,1288,440
2022-12,department,Organic,571,217
2022-12,department,YouTube,1276,418
2022-12,home,Adwords,664,663
2022-12,home,Email,983,973
2022-12,home,Facebook,230,230
2022-12,home,Organic,120,120
2022-12,home,YouTube,224,224
2022-12,product,Adwords,5188,1194
2022-12,product,Email,7616,1639
2022-12,product,Facebook,1704,440
2022-12,product,Organic,800,217
2022-12,product,YouTube,1707,418
2022-12,purchase,Adwords,1362,1187
2022-12,purchase,Email,1986,1646
2022-12,purchase,Facebook,456,438
2022-12,purchase,Organic,225,220
2022-12,purchase,YouTube,430,417
2023-01,cancel,Adwords,638,0
2023-01,cancel,Email,951,0
2023-01,cancel,Facebook,202,0
2023-01,cancel,Organic,97,0
2023-01,cancel,YouTube,221,0
2023-01,cart,Adwords,3869,1266
2023-01,cart,Email,5903,1785
2023-01,cart,Facebook,1276,473
2023-01,cart,Organic,623,232
2023-01,cart,YouTube,1314,440
2023-01,department,Adwords,3871,1266
2023-01,department,Email,5937,1785
2023-01,department,Facebook,1276,473
2023-01,department,Organic,624,232
2023-01,department,YouTube,1290,440
2023-01,home,Adwords,728,725
2023-01,home,Email,1060,1056
2023-01,home,Facebook,264,264
2023-01,home,Organic,135,134
2023-01,home,YouTube,212,212
2023-01,product,Adwords,5121,1266
2023-01,product,Email,7804,1785
2023-01,product,Facebook,1672,473
2023-01,product,Organic,809,232
2023-01,product,YouTube,1726,440
2023-01,purchase,Adwords,1446,1284
2023-01,purchase,Email,2173,1793
2023-01,purchase,Facebook,490,474
2023-01,purchase,Organic,235,228
2023-01,purchase,YouTube,470,445
2023-02,cancel,Adwords,558,0
2023-02,cancel,Email,868,0
2023-02,cancel,Facebook,194,0
2023-02,cancel,Organic,90,0
2023-02,cancel,YouTube,212,0
2023-02,cart,Adwords,3617,1163
2023-02,cart,Email,5609,1710
2023-02,cart,Facebook,1235,468
2023-02,cart,Organic,694,246
2023-02,cart,YouTube,1203,410
2023-02,department,Adwords,3657,1163
2023-02,department,Email,5611,1710
2023-02,department,Facebook,1227,468
2023-02,department,Organic,703,246
2023-02,department,YouTube,1175,410
2023-02,home,Adwords,641,639
2023-02,home,Email,1007,1003
2023-02,home,Facebook,254,253
2023-02,home,Organic,109,109
2023-02,home,YouTube,217,217
2023-02,product,Adwords,4779,1163
2023-02,product,Email,7312,1710
2023-02,product,Facebook,1588,468
2023-02,product,Organic,903,246
2023-02,product,YouTube,1587,410
2023-02,purchase,Adwords,1304,1156
2023-02,purchase,Email,2077,1730
2023-02,purchase,Facebook,481,468
2023-02,purchase,Organic,246,240
2023-02,purchase,YouTube,422,406
2023-03,cancel,Adwords,608,0
2023-03,cancel,Email,944,0
2023-03,cancel,Facebook,207,0
2023-03,cancel,Organic,98,0
2023-03,cancel,YouTube,219,0
2023-03,cart,Adwords,4143,1377
2023-03,cart,Email,6577,2001
2023-03,cart,Facebook,1530,545
2023-03,cart,Organic,741,275
2023-03,cart,YouTube,1577,554
2023-03,department,Adwords,4173,1377
2023-03,department,Email,6594,2002
2023-03,department,Facebook,1541,546
2023-03,department,Organic,753,275
2023-03,department,YouTube,1563,554
2023-03,home,Adwords,787,786
2023-03,home,Email,1166,1161
2023-03,home,Facebook,260,260
2023-03,home,Organic,122,122
2023-03,home,YouTube,259,259
2023-03,product,Adwords,5394,1377
2023-03,product,Email,8496,2001
2023-03,product,Facebook,1969,546
2023-03,product,Organic,951,275
2023-03,product,YouTube,1992,554
2023-03,purchase,Adwords,1581,1402
2023-03,purchase,Email,2455,2017
2023-03,purchase,Facebook,574,543
2023-03,purchase,Organic,290,282
2023-03,purchase,YouTube,588,560
2023-04,cancel,Adwords,601,0
2023-04,cancel,Email,897,0
2023-04,cancel,Facebook,200,0
2023-04,cancel,Organic,99,0
2023-04,cancel,YouTube,183,0
2023-04,cart,Adwords,4472,1477
2023-04,cart,Email,6336,1983
2023-04,cart,Facebook,1437,542
2023-04,cart,Organic,750,279
2023-04,cart,YouTube,1392,508
2023-04,department,Adwords,4465,1477
2023-04,department,Email,6392,1982
2023-04,department,Facebook,1446,542
2023-04,department,Organic,735,279
2023-04,department,YouTube,1402,509
2023-04,home,Adwords,835,829
2023-04,home,Email,1154,1144
2023-04,home,Facebook,283,282
2023-04,home,Organic,132,132
2023-04,home,YouTube,262,260
2023-04,product,Adwords,5646,1477
2023-04,product,Email,8156,1983
2023-04,product,Facebook,1822,542
2023-04,product,Organic,925,279
2023-04,product,YouTube,1789,509
2023-04,purchase,Adwords,1710,1488
2023-04,purchase,Email,2393,2005
2023-04,purchase,Facebook,567,544
2023-04,purchase,Organic,282,277
2023-04,purchase,YouTube,522,496
2023-05,cancel,Adwords,623,0
2023-05,cancel,Email,929,0
2023-05,cancel,Facebook,213,0
2023-05,cancel,Organic,121,0
2023-05,cancel,YouTube,236,0
2023-05,cart,Adwords,4542,1498
2023-05,cart,Email,7044,2232
2023-05,cart,Facebook,1536,573
2023-05,cart,Organic,784,286
2023-05,cart,YouTube,1664,589
2023-05,department,Adwords,4558,1498
2023-05,department,Email,7123,2232
2023-05,department,Facebook,1506,573
2023-05,department,Organic,779,286
2023-05,department,YouTube,1680,589
2023-05,home,Adwords,814,807
2023-05,home,Email,1328,1324
2023-05,home,Facebook,291,291
2023-05,home,Organic,139,138
2023-05,home,YouTube,283,282
2023-05,product,Adwords,5797,1498
2023-05,product,Email,8976,2232
2023-05,product,Facebook,1917,573
2023-05,product,Organic,1020,286
2023-05,product,YouTube,2130,589
2023-05,purchase,Adwords,1710,1498
2023-05,purchase,Email,2702,2237
2023-05,purchase,Facebook,591,568
2023-05,purchase,Organic,297,290
2023-05,purchase,YouTube,620,593
2023-06,cancel,Adwords,687,0
2023-06,cancel,Email,881,0
2023-06,cancel,Facebook,233,0
2023-06,cancel,Organic,85,0
2023-06,cancel,YouTube,192,0
2023-06,cart,Adwords,4841,1636
2023-06,cart,Email,6873,2236
2023-06,cart,Facebook,1646,594
2023-06,cart,Organic,682,271
2023-06,cart,YouTube,1614,604
2023-06,department,Adwords,4772,1636
2023-06,department,Email,6945,2236
2023-06,department,Facebook,1593,594
2023-06,department,Organic,695,271
2023-06,department,YouTube,1628,604
2023-06,home,Adwords,963,951
2023-06,home,Email,1358,1339
2023-06,home,Facebook,299,299
2023-06,home,Organic,141,141
2023-06,home,YouTube,315,314
2023-06,product,Adwords,6109,1636
2023-06,product,Email,8735,2236
2023-06,product,Facebook,2042,594
2023-06,product,Organic,882,271
2023-06,product,YouTube,2030,604
2023-06,purchase,Adwords,1905,1649
2023-06,purchase,Email,2728,2254
2023-06,purchase,Facebook,620,598
2023-06,purchase,Organic,276,270
2023-06,purchase,YouTube,649,612
2023-07,cancel,Adwords,628,0
2023-07,cancel,Email,971,0
2023-07,cancel,Facebook,217,0
2023-07,cancel,Organic,117,0
2023-07,cancel,YouTube,219,0
2023-07,cart,Adwords,5280,1801
2023-07,cart,Email,7856,2507
2023-07,cart,Facebook,1770,659
2023-07,cart,Organic,906,350
2023-07,cart,YouTube,1903,703
2023-07,department,Adwords,5235,1801
2023-07,department,Email,7837,2507
2023-07,department,Facebook,1779,659
2023-07,department,Organic,896,350
2023-07,department,YouTube,1893,703
2023-07,home,Adwords,1006,998
2023-07,home,Email,1446,1436
2023-07,home,Facebook,320,320
2023-07,home,Organic,167,167
2023-07,home,YouTube,348,347
2023-07,product,Adwords,6492,1801
2023-07,product,Email,9770,2507
2023-07,product,Facebook,2208,659
2023-07,product,Organic,1134,350
2023-07,product,YouTube,2320,703
2023-07,purchase,Adwords,2068,1806
2023-07,purchase,Email,3045,2531
2023-07,purchase,Facebook,699,666
2023-07,purchase,Organic,346,341
2023-07,purchase,YouTube,730,696
2023-08,cancel,Adwords,638,0
2023-08,cancel,Email,924,0
2023-08,cancel,Facebook,222,0
2023-08,cancel,Organic,105,0
2023-08,cancel,YouTube,198,0
2023-08,cart,Adwords,5423,1888
2023-08,cart,Email,8231,2742
2023-08,cart,Facebook,1859,670
2023-08,cart,Organic,902,356
2023-08,cart,YouTube,1808,712
2023-08,department,Adwords,5429,1888
2023-08,department,Email,8271,2742
2023-08,department,Facebook,1873,670
2023-08,department,Organic,909,356
2023-08,department,YouTube,1818,712
2023-08,home,Adwords,1062,1053
2023-08,home,Email,1627,1613
2023-08,home,Facebook,289,288
2023-08,home,Organic,173,173
2023-08,home,YouTube,364,363
2023-08,product,Adwords,6741,1888
2023-08,product,Email,10147,2742
2023-08,product,Facebook,2287,670
2023-08,product,Organic,1130,356
2023-08,product,YouTube,2210,712
2023-08,purchase,Adwords,2169,1897
2023-08,purchase,Email,3351,2760
2023-08,purchase,Facebook,692,659
2023-08,purchase,Organic,369,366
2023-08,purchase,YouTube,743,715
2023-09,cancel,Adwords,603,0
2023-09,cancel,Email,909,0
2023-09,cancel,Facebook,221,0
2023-09,cancel,Organic,121,0
2023-09,cancel,YouTube,192,0
2023-09,cart,Adwords,5718,2048
2023-09,cart,Email,8522,2868
2023-09,cart,Facebook,1948,751
2023-09,cart,Organic,1051,416
2023-09,cart,YouTube,1882,737
2023-09,department,Adwords,5706,2048
2023-09,department,Email,8506,2870
2023-09,department,Facebook,1924,751
2023-09,department,Organic,1024,416
2023-09,department,YouTube,1877,737
2023-09,home,Adwords,1169,1160
2023-09,home,Email,1721,1699
2023-09,home,Facebook,370,366
2023-09,home,Organic,209,209
2023-09,home,YouTube,348,347
2023-09,product,Adwords,6928,2048
2023-09,product,Email,10373,2870
2023-09,product,Facebook,2335,751
2023-09,product,Organic,1241,416
2023-09,product,YouTube,2294,737
2023-09,purchase,Adwords,2389,2074
2023-09,purchase,Email,3503,2882
2023-09,purchase,Facebook,785,752
2023-09,purchase,Organic,420,410
2023-09,purchase,YouTube,772,737
2023-10,cancel,Adwords,658,0
2023-10,cancel,Email,975,0
2023-10,cancel,Facebook,192,0
2023-10,cancel,Organic,103,0
2023-10,cancel,YouTube,219,0
2023-10,cart,Adwords,6251,2249
2023-10,cart,Email,9566,3252
2023-10,cart,Facebook,2205,897
2023-10,cart,Organic,1052,440
2023-10,cart,YouTube,2224,879
2023-10,department,Adwords,6230,2249
2023-10,department,Email,9548,3250
2023-10,department,Facebook,2236,897
2023-10,department,Organic,1064,440
2023-10,department,YouTube,2219,879
2023-10,home,Adwords,1212,1197
2023-10,home,Email,1896,1869
2023-10,home,Facebook,457,456
2023-10,home,Organic,219,217
2023-10,home,YouTube,440,437
2023-10,product,Adwords,7500,2249
2023-10,product,Email,11495,3250
2023-10,product,Facebook,2645,897
2023-10,product,Organic,1258,440
2023-10,product,YouTube,2643,879
2023-10,purchase,Adwords,2585,2244
2023-10,purchase,Email,3983,3271
2023-10,purchase,Facebook,937,892
2023-10,purchase,Organic,448,437
2023-10,purchase,YouTube,933,880
2023-11,cancel,Adwords,616,0
2023-11,cancel,Email,941,0
2023-11,cancel,Facebook,217,0
2023-11,cancel,Organic,114,0
2023-11,cancel,YouTube,192,0
2023-11,cart,Adwords,6868,2595
2023-11,cart,Email,10276,3574
2023-11,cart,Facebook,2294,933
2023-11,cart,Organic,1190,500
2023-11,cart,YouTube,2134,929
2023-11,department,Adwords,6846,2595
2023-11,department,Email,10252,3574
2023-11,department,Facebook,2273,933
2023-11,department,Organic,1200,500
2023-11,department,YouTube,2152,929
2023-11,home,Adwords,1465,1453
2023-11,home,Email,2183,2146
2023-11,home,Facebook,505,500
2023-11,home,Organic,234,234
2023-11,home,YouTube,500,499
2023-11,product,Adwords,8080,2595
2023-11,product,Email,12070,3574
2023-11,product,Facebook,2716,933
2023-11,product,Organic,1400,500
2023-11,product,YouTube,2536,929
2023-11,purchase,Adwords,2965,2590
2023-11,purchase,Email,4447,3598
2023-11,purchase,Facebook,986,935
2023-11,purchase,Organic,505,496
2023-11,purchase,YouTube,956,922
2023-12,cancel,Adwords,606,0
2023-12,cancel,Email,942,0
2023-12,cancel,Facebook,229,0
2023-12,cancel,Organic,124,0
2023-12,cancel,YouTube,206,0
2023-12,cart,Adwords,8175,3115
2023-12,cart,Email,12208,4294
2023-12,cart,Facebook,2780,1147
2023-12,cart,Organic,1380,568
2023-12,cart,YouTube,2786,1187
2023-12,department,Adwords,8185,3115
2023-12,department,Email,12249,4294
2023-12,department,Facebook,2772,1147
2023-12,department,Organic,1347,568
2023-12,department,YouTube,2805,1187
2023-12,home,Adwords,1777,1729
2023-12,home,Email,2652,2549
2023-12,home,Facebook,540,537
2023-12,home,Organic,264,264
2023-12,home,YouTube,613,610
2023-12,product,Adwords,9407,3115
2023-12,product,Email,14182,4294
2023-12,product,Facebook,3197,1147
2023-12,product,Organic,1585,568
2023-12,product,YouTube,3232,1187
2023-12,purchase,Adwords,3621,3087
2023-12,purchase,Email,5357,4288
2023-12,purchase,Facebook,1193,1134
2023-12,purchase,Organic,589,573
2023-12,purchase,YouTube,1245,1184
2024-01,cancel,Adwords,365,0
2024-01,cancel,Email,467,0
2024-01,cancel,Facebook,91,0
2024-01,cancel,Organic,53,0
2024-01,cancel,YouTube,98,0
2024-01,cart,Adwords,8047,3080
2024-01,cart,Email,12443,4218
2024-01,cart,Facebook,2703,1201
2024-01,cart,Organic,1368,641
2024-01,cart,YouTube,2600,1183
2024-01,department,Adwords,8044,3080
2024-01,department,Email,12472,4217
2024-01,department,Facebook,2720,1201
2024-01,department,Organic,1374,641
2024-01,department,YouTube,2625,1183
2024-01,home,Adwords,1930,1807
2024-01,home,Email,2857,2596
2024-01,home,Facebook,660,644
2024-01,home,Organic,340,337
2024-01,home,YouTube,637,620
2024-01,product,Adwords,8740,3080
2024-01,product,Email,13428,4218
2024-01,product,Facebook,2909,1201
2024-01,product,Organic,1472,641
2024-01,product,YouTube,2834,1183
2024-01,purchase,Adwords,4072,3204
2024-01,purchase,Email,6196,4378
2024-01,purchase,Facebook,1382,1248
2024-01,purchase,Organic,687,661
2024-01,purchase,YouTube,1334,1222
